rank	sample	Weighted UniFrac error	Unweighted UniFrac error	L1 norm error	Completeness	Purity	F1 score	True positives	False positives	False negatives	Taxon counts	Jaccard index	Shannon diversity	Shannon equitability	Bray-Curtis distance
superkingdom	CAMI_LOW_S001	0.0315155750190477	27.037324038689423	0.06983956999999999	1.0	0.6666666666666666	0.8	2.0	1.0	0.0	3.0	0.6666666666666666	0.3622502045538444	0.32973434603850493	0.10889390691649738
phylum	CAMI_LOW_S001	0.0315155750190477	27.037324038689423	0.2096733399999999	1.0	0.13953488372093023	0.24489795918367346	6.0	37.0	0.0	43.0	0.13953488372093023	0.6850469841292878	0.18213521297921306	0.3628658674803186
class	CAMI_LOW_S001	0.0315155750190477	27.037324038689423	0.3431737	1.0	0.2033898305084746	0.33802816901408456	12.0	47.0	0.0	59.0	0.2033898305084746	0.9070115744274642	0.22244101664426946	0.5944577601408461
order	CAMI_LOW_S001	0.0315155750190477	27.037324038689423	0.3444600700000002	0.9285714285714286	0.09285714285714286	0.16883116883116886	13.0	127.0	1.0	140.0	0.09219858156028368	0.9571679012008195	0.19369428609838837	0.5961907011612113
family	CAMI_LOW_S001	0.0315155750190477	27.037324038689423	0.3833359399999993	0.8125	0.036931818181818184	0.07065217391304349	13.0	339.0	3.0	352.0	0.036619718309859155	0.8454507643348317	0.14418552924222672	0.781021557841357
genus	CAMI_LOW_S001	0.0315155750190477	27.037324038689423	0.4879731900000005	0.45454545454545453	0.006910850034554251	0.013614703880190607	10.0	1437.0	12.0	1447.0	0.006854009595613434	1.0719931349749487	0.147307495257023	0.8825365094938925
species	CAMI_LOW_S001	0.0315155750190477	27.037324038689423	na	0.0	0.0	na	0.0	0.0	23.0	na	0.0	na	na	na
strain	CAMI_LOW_S001	0.0315155750190477	27.037324038689423	na	0.0	0.0	na	0.0	0.0	60.0	na	0.0	na	na	na
