rank	sample	Weighted UniFrac error	Unweighted UniFrac error	L1 norm error	Completeness	Purity	F1 score	True positives	False positives	False negatives	Taxon counts	Jaccard index	Shannon diversity	Shannon equitability	Bray-Curtis distance
superkingdom	CAMI_LOW_S001	0.09625666238190478	24.625238983863774	0.77775	0.5	0.5	0.5	1.0	1.0	1.0	2.0	0.3333333333333333	0.006114987155553601	0.008822061644416889	0.5764621124862694
phylum	CAMI_LOW_S001	0.09625666238190478	24.625238983863774	0.78422663	1.0	0.2727272727272727	0.42857142857142855	6.0	16.0	0.0	22.0	0.2727272727272727	1.3620933825679666	0.44065825789228386	0.60995417635684
class	CAMI_LOW_S001	0.09625666238190478	24.625238983863774	0.8416774799999998	0.9166666666666666	0.2619047619047619	0.4074074074074074	11.0	31.0	1.0	42.0	0.2558139534883721	2.264467175273099	0.6058500099088802	0.6556172203447836
order	CAMI_LOW_S001	0.09625666238190478	24.625238983863774	0.84768598	0.8571428571428571	0.12903225806451613	0.22429906542056074	12.0	81.0	2.0	93.0	0.12631578947368421	2.5450386506708584	0.5614964777971848	0.6615642881925031
family	CAMI_LOW_S001	0.09625666238190478	24.625238983863774	0.78382701	0.8125	0.06467661691542288	0.11981566820276496	13.0	188.0	3.0	201.0	0.06372549019607843	3.1920472266042723	0.601897737720781	0.6799522130992226
genus	CAMI_LOW_S001	0.09625666238190478	24.625238983863774	1.1589965300000007	0.2727272727272727	0.011494252873563218	0.022058823529411766	6.0	516.0	16.0	522.0	0.011152416356877323	4.146103758873051	0.6625637588838331	0.9292925407805698
species	CAMI_LOW_S001	0.09625666238190478	24.625238983863774	1.8343603800000006	0.17391304347826086	0.0034334763948497852	0.006734006734006734	4.0	1161.0	19.0	1165.0	0.0033783783783783786	4.706151884220768	0.6665487766354632	0.9691681222730264
strain	CAMI_LOW_S001	0.09625666238190478	24.625238983863774	na	0.0	0.0	na	0.0	0.0	60.0	na	0.0	na	na	na
