rank	sample	Weighted UniFrac error	Unweighted UniFrac error	L1 norm error	Completeness	Purity	F1 score	True positives	False positives	False negatives	Taxon counts	Jaccard index	Shannon diversity	Shannon equitability	Bray-Curtis distance
superkingdom	CAMI_LOW_S001	0.10885927249999999	0.8180812425156645	0.77775	0.5	1.0	0.6666666666666666	1.0	0.0	1.0	1.0	0.5	0.0	0.0	0.5764621124862694
phylum	CAMI_LOW_S001	0.10885927249999999	0.8180812425156645	0.9647988	0.5	1.0	0.6666666666666666	3.0	0.0	3.0	3.0	0.5	0.3825550236005191	0.348216588824348	0.7503992334220517
class	CAMI_LOW_S001	0.10885927249999999	0.8180812425156645	1.1214399999999998	0.5	1.0	0.6666666666666666	6.0	0.0	6.0	6.0	0.5	1.3785074089966072	0.7693596337406329	0.8722313049402899
order	CAMI_LOW_S001	0.10885927249999999	0.8180812425156645	1.1246769999999997	0.5	1.0	0.6666666666666666	7.0	0.0	7.0	7.0	0.5	1.4930757179885492	0.7672891365068408	0.8747496525274303
family	CAMI_LOW_S001	0.10885927249999999	0.8180812425156645	1.0397343	0.375	0.8571428571428571	0.5217391304347825	6.0	1.0	10.0	7.0	0.35294117647058826	1.2598760983931765	0.6474482385555224	0.9005722087058563
genus	CAMI_LOW_S001	0.10885927249999999	0.8180812425156645	1.164209	0.3181818181818182	0.7777777777777778	0.45161290322580644	7.0	2.0	15.0	9.0	0.2916666666666667	1.5245582846818682	0.6938563769981807	0.9234294008701204
species	CAMI_LOW_S001	0.10885927249999999	0.8180812425156645	1.6599253999999999	0.21739130434782608	1.0	0.3571428571428571	5.0	0.0	18.0	5.0	0.21739130434782608	1.0716262954954765	0.6658388541840412	0.9657683725035947
strain	CAMI_LOW_S001	0.10885927249999999	0.8180812425156645	1.3095633	0.0	0.0	na	0.0	3.0	60.0	3.0	0.0	0.5866259954305778	0.5339699923999277	1.0
