rank	sample	Weighted UniFrac error	Unweighted UniFrac error	L1 norm error	Completeness	Purity	F1 score	True positives	False positives	False negatives	Taxon counts	Jaccard index	Shannon diversity	Shannon equitability	Bray-Curtis distance
superkingdom	CAMI_LOW_S001	0.08699366386471694	16.041333632237652	0.7776898731447731	0.5	0.3333333333333333	0.4	1.0	2.0	1.0	3.0	0.25	0.21914356763245718	0.19947307152201385	0.576443236447524
phylum	CAMI_LOW_S001	0.08699366386471694	16.041333632237652	0.7116024716768732	1.0	0.17647058823529413	0.3	6.0	28.0	0.0	34.0	0.17647058823529413	1.9852398338758919	0.562971318450765	0.5738959308293465
class	CAMI_LOW_S001	0.08699366386471694	16.041333632237652	0.6670601726306006	1.0	0.2727272727272727	0.42857142857142855	12.0	32.0	0.0	44.0	0.2727272727272727	2.5676575018095193	0.6785224183257675	0.5598030691175399
order	CAMI_LOW_S001	0.08699366386471694	16.041333632237652	0.7095678441963672	1.0	0.15053763440860216	0.2616822429906542	14.0	79.0	0.0	93.0	0.15053763440860216	3.0470373177141776	0.6722494061778229	0.5884521285711246
family	CAMI_LOW_S001	0.08699366386471694	16.041333632237652	0.6623532549573962	0.8125	0.07065217391304347	0.13	13.0	171.0	3.0	184.0	0.06951871657754011	3.3633707089970244	0.6449495958007943	0.6739073930831434
genus	CAMI_LOW_S001	0.08699366386471694	16.041333632237652	0.8516471196499468	0.5454545454545454	0.026785714285714284	0.05106382978723404	12.0	436.0	10.0	448.0	0.026200873362445413	4.722795463501749	0.7736208719444976	0.7273825285276398
species	CAMI_LOW_S001	0.08699366386471694	16.041333632237652	1.7088691185650382	0.34782608695652173	0.01045751633986928	0.02030456852791878	8.0	757.0	15.0	765.0	0.010256410256410256	5.525042826042223	0.8321003230053116	0.9062289911716106
strain	CAMI_LOW_S001	0.08699366386471694	16.041333632237652	na	0.0	0.0	na	0.0	0.0	60.0	na	0.0	na	na	na
