rank	sample	Weighted UniFrac error	Unweighted UniFrac error	L1 norm error	Completeness	Purity	F1 score	True positives	False positives	False negatives	Taxon counts	Jaccard index	Shannon diversity	Shannon equitability	Bray-Curtis distance
superkingdom	CAMI_LOW_S001	0.09195860053904738	10.434523500540053	0.72080836	0.5	0.5	0.5	1.0	1.0	1.0	2.0	0.3333333333333333	0.07506031221931775	0.10828914020638698	0.5577991629952279
phylum	CAMI_LOW_S001	0.09195860053904738	10.434523500540053	0.78644941	1.0	0.2608695652173913	0.41379310344827586	6.0	17.0	0.0	23.0	0.2608695652173913	1.2398497561466855	0.39542402912048663	0.6400285803961747
class	CAMI_LOW_S001	0.09195860053904738	10.434523500540053	0.7996514899999998	0.9166666666666666	0.275	0.4230769230769231	11.0	29.0	1.0	40.0	0.2682926829268293	1.998894577778194	0.5418703979467189	0.6519469975783067
order	CAMI_LOW_S001	0.09195860053904738	10.434523500540053	0.80860617	0.8571428571428571	0.1348314606741573	0.23300970873786406	12.0	77.0	2.0	89.0	0.13186813186813187	2.209615536602133	0.4922687771061286	0.6598435399358197
family	CAMI_LOW_S001	0.09195860053904738	10.434523500540053	0.7046525400000019	0.8125	0.07303370786516854	0.13402061855670103	13.0	165.0	3.0	178.0	0.0718232044198895	2.559830535961709	0.4940056857097818	0.6585553636194748
genus	CAMI_LOW_S001	0.09195860053904738	10.434523500540053	1.127751459999998	0.2727272727272727	0.01749271137026239	0.03287671232876713	6.0	337.0	16.0	343.0	0.016713091922005572	3.315386360905722	0.5679238517282436	0.9404393570213392
species	CAMI_LOW_S001	0.09195860053904738	10.434523500540053	1.7774176300000073	0.17391304347826086	0.008368200836820083	0.015968063872255488	4.0	474.0	19.0	478.0	0.008048289738430584	3.4820411845938235	0.5643858803370048	0.9682117669377351
strain	CAMI_LOW_S001	0.09195860053904738	10.434523500540053	na	0.0	0.0	na	0.0	0.0	60.0	na	0.0	na	na	na
