tool	sample	Sum of abundances	Weighted UniFrac error	Unweighted UniFrac error	L1 norm error	Completeness	Purity	F1 score	True positives	False positives	False negatives	Taxon counts	Jaccard index	Shannon diversity	Shannon equitability	Bray-Curtis distance
TIPP	CAMI_LOW_S001	0.9408450499999996	0.09195860053904738	10.434523500540053	0.7996514899999998	0.9166666666666666	0.275	0.4230769230769231	11.0	29.0	1.0	40.0	0.2682926829268293	1.998894577778194	0.5418703979467189	0.6519469975783067
Quikr	CAMI_LOW_S001	0.9058839197508479	0.08699366386471694	16.041333632237652	0.6670601726306006	1.0	0.2727272727272727	0.42857142857142855	12.0	32.0	0.0	44.0	0.2727272727272727	2.5676575018095193	0.6785224183257675	0.5598030691175399
MP2.0	CAMI_LOW_S001	1.0	0.10885927249999999	0.8180812425156645	1.1214399999999998	0.5	1.0	0.6666666666666666	6.0	0.0	6.0	6.0	0.5	1.3785074089966072	0.7693596337406329	0.8722313049402899
MetaPhyler	CAMI_LOW_S001	0.9980800399999998	0.09625666238190478	24.625238983863774	0.8416774799999998	0.9166666666666666	0.2619047619047619	0.4074074074074074	11.0	31.0	1.0	42.0	0.2558139534883721	2.264467175273099	0.6058500099088802	0.6556172203447836
mOTU	CAMI_LOW_S001	0.9993511900000002	0.11539008970999998	4.268476621829412	1.08001469	0.75	0.9	0.8181818181818182	9.0	1.0	3.0	10.0	0.6923076923076923	1.1331187112033196	0.4921072036169261	0.8404357213971378
CLARK	CAMI_LOW_S001	0.29157462	0.0315155750190477	27.037324038689423	0.3431737	1.0	0.2033898305084746	0.33802816901408456	12.0	47.0	0.0	59.0	0.2033898305084746	0.9070115744274642	0.22244101664426946	0.5944577601408461
FOCUS	CAMI_LOW_S001	0.9910134100000001	0.10343286053476188	1.8659151580223114	0.9178575499999999	0.9166666666666666	0.5238095238095238	0.6666666666666667	11.0	10.0	1.0	21.0	0.5	2.519393761465422	0.8275168973132376	0.7189142669068256
