tool	sample	Sum of abundances	Weighted UniFrac error	Unweighted UniFrac error	L1 norm error	Completeness	Purity	F1 score	True positives	False positives	False negatives	Taxon counts	Jaccard index	Shannon diversity	Shannon equitability	Bray-Curtis distance
TIPP	CAMI_LOW_S001	0.8092554199999996	0.09195860053904738	10.434523500540053	0.7046525400000019	0.8125	0.07303370786516854	0.13402061855670103	13.0	165.0	3.0	178.0	0.0718232044198895	2.559830535961709	0.4940056857097818	0.6585553636194748
Quikr	CAMI_LOW_S001	0.722113006126454	0.08699366386471694	16.041333632237652	0.6623532549573962	0.8125	0.07065217391304347	0.13	13.0	171.0	3.0	184.0	0.06951871657754011	3.3633707089970244	0.6449495958007943	0.6739073930831434
MP2.0	CAMI_LOW_S001	0.8937843000000001	0.10885927249999999	0.8180812425156645	1.0397343	0.375	0.8571428571428571	0.5217391304347825	6.0	1.0	10.0	7.0	0.35294117647058826	1.2598760983931765	0.6474482385555224	0.9005722087058563
MetaPhyler	CAMI_LOW_S001	0.8920257900000003	0.09625666238190478	24.625238983863774	0.78382701	0.8125	0.06467661691542288	0.11981566820276496	13.0	188.0	3.0	201.0	0.06372549019607843	3.1920472266042723	0.601897737720781	0.6799522130992226
mOTU	CAMI_LOW_S001	0.9958961400000002	0.11539008970999998	4.268476621829412	1.1384510200000004	0.625	0.2	0.30303030303030304	10.0	40.0	6.0	50.0	0.17857142857142858	1.4085429107344387	0.36005486388500485	0.9059497589337848
CLARK	CAMI_LOW_S001	0.23007151999999959	0.0315155750190477	27.037324038689423	0.3833359399999993	0.8125	0.036931818181818184	0.07065217391304349	13.0	339.0	3.0	352.0	0.036619718309859155	0.8454507643348317	0.14418552924222672	0.781021557841357
FOCUS	CAMI_LOW_S001	0.9392912299999999	0.10343286053476188	1.8659151580223114	0.91194131	0.6875	0.1774193548387097	0.28205128205128205	11.0	51.0	5.0	62.0	0.16417910447761194	3.4153303772913732	0.8275306928863326	0.7599300479370892
