tool	sample	Sum of abundances	Weighted UniFrac error	Unweighted UniFrac error	L1 norm error	Completeness	Purity	F1 score	True positives	False positives	False negatives	Taxon counts	Jaccard index	Shannon diversity	Shannon equitability	Bray-Curtis distance
TIPP	CAMI_LOW_S001	0.9384300999999995	0.09195860053904738	10.434523500540053	1.127751459999998	0.2727272727272727	0.01749271137026239	0.03287671232876713	6.0	337.0	16.0	343.0	0.016713091922005572	3.315386360905722	0.5679238517282436	0.9404393570213392
Quikr	CAMI_LOW_S001	0.9100930202282863	0.08699366386471694	16.041333632237652	0.8516471196499468	0.5454545454545454	0.026785714285714284	0.05106382978723404	12.0	436.0	10.0	448.0	0.026200873362445413	4.722795463501749	0.7736208719444976	0.7273825285276398
MP2.0	CAMI_LOW_S001	1.0	0.10885927249999999	0.8180812425156645	1.164209	0.3181818181818182	0.7777777777777778	0.45161290322580644	7.0	2.0	15.0	9.0	0.2916666666666667	1.5245582846818682	0.6938563769981807	0.9234294008701204
MetaPhyler	CAMI_LOW_S001	0.9864365699999992	0.09625666238190478	24.625238983863774	1.1589965300000007	0.2727272727272727	0.011494252873563218	0.022058823529411766	6.0	516.0	16.0	522.0	0.011152416356877323	4.146103758873051	0.6625637588838331	0.9292925407805698
mOTU	CAMI_LOW_S001	0.9988989500000001	0.11539008970999998	4.268476621829412	1.20075135	0.22727272727272727	0.050505050505050504	0.08264462809917354	5.0	94.0	17.0	99.0	0.04310344827586207	1.508639375765078	0.328313390067702	0.9532466297321557
CLARK	CAMI_LOW_S001	0.29217624999999914	0.0315155750190477	27.037324038689423	0.4879731900000005	0.45454545454545453	0.006910850034554251	0.013614703880190607	10.0	1437.0	12.0	1447.0	0.006854009595613434	1.0719931349749487	0.147307495257023	0.8825365094938925
FOCUS	CAMI_LOW_S001	0.9957118199999998	0.10343286053476188	1.8659151580223114	1.1702193399999998	0.18181818181818182	0.04878048780487805	0.07692307692307693	4.0	78.0	18.0	82.0	0.04	3.8739693737518603	0.8791051020908285	0.9313645494001138
