tool	sample	Sum of abundances	Weighted UniFrac error	Unweighted UniFrac error	L1 norm error	Completeness	Purity	F1 score	True positives	False positives	False negatives	Taxon counts	Jaccard index	Shannon diversity	Shannon equitability	Bray-Curtis distance
TIPP	CAMI_LOW_S001	0.9397383700000002	0.09195860053904738	10.434523500540053	0.80860617	0.8571428571428571	0.1348314606741573	0.23300970873786406	12.0	77.0	2.0	89.0	0.13186813186813187	2.209615536602133	0.4922687771061286	0.6598435399358197
Quikr	CAMI_LOW_S001	0.9201078471763624	0.08699366386471694	16.041333632237652	0.7095678441963672	1.0	0.15053763440860216	0.2616822429906542	14.0	79.0	0.0	93.0	0.15053763440860216	3.0470373177141776	0.6722494061778229	0.5884521285711246
MP2.0	CAMI_LOW_S001	1.0	0.10885927249999999	0.8180812425156645	1.1246769999999997	0.5	1.0	0.6666666666666666	7.0	0.0	7.0	7.0	0.5	1.4930757179885492	0.7672891365068408	0.8747496525274303
MetaPhyler	CAMI_LOW_S001	0.9956227600000002	0.09625666238190478	24.625238983863774	0.84768598	0.8571428571428571	0.12903225806451613	0.22429906542056074	12.0	81.0	2.0	93.0	0.12631578947368421	2.5450386506708584	0.5614964777971848	0.6615642881925031
mOTU	CAMI_LOW_S001	0.9993511900000001	0.11539008970999998	4.268476621829412	1.08072341	0.7857142857142857	0.5789473684210527	0.6666666666666667	11.0	8.0	3.0	19.0	0.5	1.2904052193169562	0.43825164265494987	0.8409878809244539
CLARK	CAMI_LOW_S001	0.2920552699999999	0.0315155750190477	27.037324038689423	0.3444600700000002	0.9285714285714286	0.09285714285714286	0.16883116883116886	13.0	127.0	1.0	140.0	0.09219858156028368	0.9571679012008195	0.19369428609838837	0.5961907011612113
FOCUS	CAMI_LOW_S001	0.9758327600000001	0.10343286053476188	1.8659151580223114	0.90381666	0.8571428571428571	0.3157894736842105	0.46153846153846156	12.0	26.0	2.0	38.0	0.3	2.8186133472688266	0.774858167890335	0.7164358905221162
