tool	sample	Sum of abundances	Weighted UniFrac error	Unweighted UniFrac error	L1 norm error	Completeness	Purity	F1 score	True positives	False positives	False negatives	Taxon counts	Jaccard index	Shannon diversity	Shannon equitability	Bray-Curtis distance
TIPP	CAMI_LOW_S001	0.9430583299999998	0.09195860053904738	10.434523500540053	0.78644941	1.0	0.2608695652173913	0.41379310344827586	6.0	17.0	0.0	23.0	0.2608695652173913	1.2398497561466855	0.39542402912048663	0.6400285803961747
Quikr	CAMI_LOW_S001	0.9542363698319043	0.08699366386471694	16.041333632237652	0.7116024716768732	1.0	0.17647058823529413	0.3	6.0	28.0	0.0	34.0	0.17647058823529413	1.9852398338758919	0.562971318450765	0.5738959308293465
MP2.0	CAMI_LOW_S001	1.0	0.10885927249999999	0.8180812425156645	0.9647988	0.5	1.0	0.6666666666666666	3.0	0.0	3.0	3.0	0.5	0.3825550236005191	0.348216588824348	0.7503992334220517
MetaPhyler	CAMI_LOW_S001	1.00000001	0.09625666238190478	24.625238983863774	0.78422663	1.0	0.2727272727272727	0.42857142857142855	6.0	16.0	0.0	22.0	0.2727272727272727	1.3620933825679666	0.44065825789228386	0.60995417635684
mOTU	CAMI_LOW_S001	0.9993512	0.11539008970999998	4.268476621829412	1.0796968999999998	0.8333333333333334	1.0	0.9090909090909091	5.0	0.0	1.0	5.0	0.8333333333333334	0.20228943753582077	0.1256894944334199	0.8401884200116849
CLARK	CAMI_LOW_S001	0.29211202000000003	0.0315155750190477	27.037324038689423	0.2096733399999999	1.0	0.13953488372093023	0.24489795918367346	6.0	37.0	0.0	43.0	0.13953488372093023	0.6850469841292878	0.18213521297921306	0.3628658674803186
FOCUS	CAMI_LOW_S001	0.9970816600000002	0.10343286053476188	1.8659151580223114	0.7935428999999999	0.8333333333333334	0.4166666666666667	0.5555555555555556	5.0	7.0	1.0	12.0	0.38461538461538464	1.7639846960644325	0.709879663372838	0.6186042911931898
