tool	sample	Sum of abundances	Weighted UniFrac error	Unweighted UniFrac error	L1 norm error	Completeness	Purity	F1 score	True positives	False positives	False negatives	Taxon counts	Jaccard index	Shannon diversity	Shannon equitability	Bray-Curtis distance
TIPP	CAMI_LOW_S001	0.9430576299999994	0.09195860053904738	10.434523500540053	1.7774176300000073	0.17391304347826086	0.008368200836820083	0.015968063872255488	4.0	474.0	19.0	478.0	0.008048289738430584	3.4820411845938235	0.5643858803370048	0.9682117669377351
Quikr	CAMI_LOW_S001	0.9929763969688294	0.08699366386471694	16.041333632237652	1.7088691185650382	0.34782608695652173	0.01045751633986928	0.02030456852791878	8.0	757.0	15.0	765.0	0.010256410256410256	5.525042826042223	0.8321003230053116	0.9062289911716106
MP2.0	CAMI_LOW_S001	0.8260454	0.10885927249999999	0.8180812425156645	1.6599253999999999	0.21739130434782608	1.0	0.3571428571428571	5.0	0.0	18.0	5.0	0.21739130434782608	1.0716262954954765	0.6658388541840412	0.9657683725035947
MetaPhyler	CAMI_LOW_S001	1.0000003800000017	0.09625666238190478	24.625238983863774	1.8343603800000006	0.17391304347826086	0.0034334763948497852	0.006734006734006734	4.0	1161.0	19.0	1165.0	0.0033783783783783786	4.706151884220768	0.6665487766354632	0.9691681222730264
mOTU	CAMI_LOW_S001	0.9993511799999998	0.11539008970999998	4.268476621829412	1.8337111799999979	0.17391304347826086	0.025	0.04371584699453552	4.0	156.0	19.0	160.0	0.0223463687150838	1.5635384257922966	0.30807583793467774	0.9691575433383923
CLARK	CAMI_LOW_S001	na	0.0315155750190477	27.037324038689423	na	0.0	0.0	na	0.0	0.0	23.0	na	0.0	na	na	na
FOCUS	CAMI_LOW_S001	1.00000005	0.10343286053476188	1.8659151580223114	1.8363300500000006	0.13043478260869565	0.03125	0.05042016806722689	3.0	93.0	20.0	96.0	0.02586206896551724	4.056545740619398	0.8887458998422433	0.9702089491976357
