tool	sample	Sum of abundances	Weighted UniFrac error	Unweighted UniFrac error	L1 norm error	Completeness	Purity	F1 score	True positives	False positives	False negatives	Taxon counts	Jaccard index	Shannon diversity	Shannon equitability	Bray-Curtis distance
TIPP	CAMI_LOW_S001	na	0.09195860053904738	10.434523500540053	na	0.0	0.0	na	0.0	0.0	60.0	na	0.0	na	na	na
Quikr	CAMI_LOW_S001	na	0.08699366386471694	16.041333632237652	na	0.0	0.0	na	0.0	0.0	60.0	na	0.0	na	na	na
MP2.0	CAMI_LOW_S001	0.3095573	0.10885927249999999	0.8180812425156645	1.3095633	0.0	0.0	na	0.0	3.0	60.0	3.0	0.0	0.5866259954305778	0.5339699923999277	1.0
MetaPhyler	CAMI_LOW_S001	na	0.09625666238190478	24.625238983863774	na	0.0	0.0	na	0.0	0.0	60.0	na	0.0	na	na	na
mOTU	CAMI_LOW_S001	na	0.11539008970999998	4.268476621829412	na	0.0	0.0	na	0.0	0.0	60.0	na	0.0	na	na	na
CLARK	CAMI_LOW_S001	na	0.0315155750190477	27.037324038689423	na	0.0	0.0	na	0.0	0.0	60.0	na	0.0	na	na	na
FOCUS	CAMI_LOW_S001	0.9170795899999997	0.10343286053476188	1.8659151580223114	1.9170855900000003	0.0	0.0	na	0.0	90.0	60.0	90.0	0.0	3.7379966989498516	0.8307010680021718	1.0
