tool	sample	Sum of abundances	Weighted UniFrac error	Unweighted UniFrac error	L1 norm error	Completeness	Purity	F1 score	True positives	False positives	False negatives	Taxon counts	Jaccard index	Shannon diversity	Shannon equitability	Bray-Curtis distance
TIPP	CAMI_LOW_S001	0.94305836	0.09195860053904738	10.434523500540053	0.72080836	0.5	0.5	0.5	1.0	1.0	1.0	2.0	0.3333333333333333	0.07506031221931775	0.10828914020638698	0.5577991629952279
Quikr	CAMI_LOW_S001	0.9999398731447731	0.08699366386471694	16.041333632237652	0.7776898731447731	0.5	0.3333333333333333	0.4	1.0	2.0	1.0	3.0	0.25	0.21914356763245718	0.19947307152201385	0.576443236447524
MP2.0	CAMI_LOW_S001	1.0	0.10885927249999999	0.8180812425156645	0.77775	0.5	1.0	0.6666666666666666	1.0	0.0	1.0	1.0	0.5	0.0	0.0	0.5764621124862694
MetaPhyler	CAMI_LOW_S001	1.0	0.09625666238190478	24.625238983863774	0.77775	0.5	0.5	0.5	1.0	1.0	1.0	2.0	0.3333333333333333	0.006114987155553601	0.008822061644416889	0.5764621124862694
mOTU	CAMI_LOW_S001	0.9993511900000001	0.11539008970999998	4.268476621829412	0.7771011900000001	0.5	1.0	0.6666666666666666	1.0	0.0	1.0	1.0	0.5	0.0006485994772572158	0.0	0.5762583381676745
CLARK	CAMI_LOW_S001	0.29217624999999997	0.0315155750190477	27.037324038689423	0.06983956999999999	1.0	0.6666666666666666	0.8	2.0	1.0	0.0	3.0	0.6666666666666666	0.3622502045538444	0.32973434603850493	0.10889390691649738
FOCUS	CAMI_LOW_S001	1.0	0.10343286053476188	1.8659151580223114	0.77775	0.5	0.5	0.5	1.0	1.0	1.0	2.0	0.3333333333333333	0.14561541648255377	0.21007863923636136	0.5764621124862696
